Review_ID,Platform,Source,Date,Username,Title,Text,Score,Product_Tag,URL,Sentiment,Sentiment_Score,L1_Category,L2_Specific_Issue
2257dc2d-4f83-455a-8e81-d18a48bf7007,Google Play,Play Store -- District,21/06/2026,Aditya Rekhe,,"i booked a table tennis venue which was closed ( while the booking was confirmed and I reached on time ). I contacted the support asking for refund and they did not helped at all. They just replied with ""escalated with relevant team"" ""Your concern is noted"". No update from the team since 2 days of reporting issue. This has happened with me twice hence I contacted the support to make sure it doesn't happen again but the support team is just useless and pathetic. Better use other apps for bookings",1,District,https://play.google.com/store/apps/details?id=com.application.zomato.district,Negative,-0.153,"Customer Support & Resolution, Ease of Use & Digital Experience, Events & Venues","App/Website Navigation, Refund & Policy Disputes, Ticketing & Booking, Venue Experience (Crowd/Seating)"
1d303194-5d72-4cb6-bf8a-00a626e4e445,Google Play,Play Store -- District,21/06/2026,sudhanshu pant,,"Recently I booked a buffet on district for a restaurant offer that was also available on other apps. At the time of paying they charged 500 as handling fee for a bill of 2500. This handling fee was not mentioned at the time of booking, they only mentioned a redeemable cover charge of 25 pp. In my view this is fraud and needs to be taken up at the right forum. This is a malpractice in my view. Better book from other apps like easy diner and dine out.",1,District,https://play.google.com/store/apps/details?id=com.application.zomato.district,Negative,0.361,"Events & Venues, Value & Pricing","Fees & Surcharges, Promotions & Loyalty, Ticketing & Booking"
9cfac0c2-dc7a-46da-9712-1139ccea7d2f,Google Play,Play Store -- District,21/06/2026,Amol Kankane,,"Booked a venue for dinner at Jaipur from District after making our cover charge payment. After reaching the venue they started demanding ₹4k/person cover charge at the gate. This wasn't mentioned no where while booking or in their terms & conditions. We had already spend our time and money getting to the venue from afar. After reporting to district, they were of zero help. They said 'it is what it is'. Very fraudulent hook to just get people in circumstances to extract more money from them.",1,District,https://play.google.com/store/apps/details?id=com.application.zomato.district,Negative,-0.001,"Ease of Use & Digital Experience, Events & Venues","Checkout & Payment Process, Ticketing & Booking, Venue Experience (Crowd/Seating)"
95e73002-9def-456a-a515-69a4322484ea,Google Play,Play Store -- District,19/06/2026,Kapil Pandya,,"Worst App experience ever. We booked Atlantis Aquaventure Waterpark tickets through the app and received QR codes that were rejected at the venue because they could not be scanned. We raised a complaint immediately and waited over 3 hours, following up multiple times, but received no support or replacement tickets. Eventually, we had to leave without entering the park. Our refund request was also denied. We lost both our time and money. Highly disappointing service.Refund our money immediately",1,District,https://play.google.com/store/apps/details?id=com.application.zomato.district,Negative,-0.965,"Customer Support & Resolution, Events & Venues","Entry & Management, Refund & Policy Disputes, Venue Experience (Crowd/Seating)"
aafcf5dc-c0a0-4a1f-aa80-73e7eec17703,Google Play,Play Store -- District,01/06/2026,Ajay M V,,"The app is very useful and best in class experience, but I have booked a restaurant and they charged ₹75 for that and when we visited restaurant like 20min before they didn't even let us inside as all the table are full, and what's the point of charging money for that, I fell bad and insane, if we are paying for anything else that should be have some value.",3,District,https://play.google.com/store/apps/details?id=com.application.zomato.district,Neutral,-0.044,Uncategorized/General Feedback,No Specific Issue Stated
ce8bfc92-f85f-45c0-8cb4-958adc7abea0,Google Play,Play Store -- District,07/04/2026,Aravindh Selvam,,"😡 I'm extremely disappointed with this app! The estimated bill and actual charges are worlds apart! They lure you in with low estimates, but the final bill is a nasty surprise. Total scam. Don't waste your money, folks! On top of that, you have to pay a convenience fee in the app, which adds up to hundreds, and a service charge in the hotel, that's at least ₹500 extra. Would not recommend it to anyone...",1,District,https://play.google.com/store/apps/details?id=com.application.zomato.district,Negative,-0.919,Uncategorized/General Feedback,No Specific Issue Stated
010e5ed7-7d81-49d2-bd92-30da25fc3fa7,Google Play,Play Store -- District,23/05/2026,SAVAN THAKKAR,,"The platform is sold to big 'dalals'. They are showing big ads for rupay credit card holders for ipl tickets but when yesterday i tried to book ticket exactly at the time the window opened as I was holding rupay credit card, I was not able to book the same. It shows you are in a queue and I completely didn't understand to what this queue means for ticket booking. Although even after the queue cleared, I was not able to book the tickets.",1,District,https://play.google.com/store/apps/details?id=com.application.zomato.district,Negative,0.7,"Ease of Use & Digital Experience, Events & Venues","Checkout & Payment Process, Ticketing & Booking"
95911d95-3d70-46e1-86fd-d8a17b09306b,Google Play,Play Store -- District,28/05/2026,Pradyumna,,"Why do u have to ask for my location every single time I open the app and yet show programs all across India rather than my location. If I move to another city I'll change the location, nobody uses the app for ordering food or groceries to update the location every time they open the app, isn't it?...Please update this, don't keep asking to turn on the location everytime...",3,District,https://play.google.com/store/apps/details?id=com.application.zomato.district,Neutral,0.0,Ease of Use & Digital Experience,"App/Website Navigation, Location & City Availability"
0d3d6ac7-8f96-4755-b0c4-f79f43f066e1,Google Play,Play Store -- District,06/04/2026,K. Puneeth sri Rahghuveer,,"I booked movie tickets through your platform, but the show was cancelled. I was informed that the refund would be processed soon. However, it has now been several days, and despite multiple follow-ups, I have still not received my refund. Each time I contact support, I am only told to “wait,” which is unacceptable. I was specifically asked to wait until April 1st, but even as of today (April 6th), there has been no refund or proper update.",1,District,https://play.google.com/store/apps/details?id=com.application.zomato.district,Negative,-0.696,"Customer Support & Resolution, Ease of Use & Digital Experience","App/Website Navigation, Refund & Policy Disputes"
26a71de6-d969-4ab4-b0d6-7417e2547ecc,Google Play,Play Store -- District,13/06/2026,Rajani Mogalturi,,"⭐ 1 Star Misleading offers. The app promised ₹500 off on dining for bills above ₹1000, but the discount was not applied even though my bill was ₹1100+. Ended up paying the full amount. Very disappointing experience.",1,District,https://play.google.com/store/apps/details?id=com.application.zomato.district,Negative,-0.704,Value & Pricing,Promotions & Loyalty
ad99663f-d855-4211-bc95-04bce5e1f238,Google Play,Play Store -- District,07/06/2026,Debarati Nag,,so far so good. Helpful in pre booking. should incorporate AI tool to recommend restaurants based on cuisine or food cravings prompt. I think that would give an ensure this app to achieve great heights.,5,District,https://play.google.com/store/apps/details?id=com.application.zomato.district,Positive,0.946,Events & Venues,Ticketing & Booking
2d79954c-ba3a-4bf4-8baa-460f0e610f7d,Google Play,Play Store -- District,16/05/2026,Lavitra Madan,,"Horrible IPL ticket booking experience. The general sale timing was 5pm and it seems that district uses phone time for it. My friend's phone's time was 4 seconds ahead of mine and the book tickets option was enabled earlier. The more astonishing part is that she clicked the book tickets button before me and was at 37k in the queue while I, even though, 4 seconds late, joined the queue after her at 30k. If you need good engineers, you can hire me. Take my system design interview and I'll help you",1,District,https://play.google.com/store/apps/details?id=com.application.zomato.district,Negative,-0.226,Events & Venues,Ticketing & Booking
fedf43bb-271c-4b38-8071-ea81eae71129,Google Play,Play Store -- District,12/06/2026,Kavin Kumar,,"Scammed by a technical glitch and terrible customer support! Booked a 3-person buffet at 50% off. At payment, the app threw errors. Support forced me to pay FULL directly, promising a refund. Afterward, they refused a bank refund and forced it into District Credits with a rigid 30-day expiry just to trap my money! Asked for a supervisor and got ghosted. Terrible retention tricks to force us to dine again. Stick to Swiggy Dineout—their customer service is lightyears better. Deleting the app.",1,District,https://play.google.com/store/apps/details?id=com.application.zomato.district,Negative,-0.822,"Customer Support & Resolution, Ease of Use & Digital Experience, Product & Service Quality, Value & Pricing","Agent Helpfulness, App/Website Navigation, Checkout & Payment Process, Competitor Comparisons, Refund & Policy Disputes, Restaurant Acceptance Issues"
68e3a536-3335-4bfd-a51e-24c8358253b4,Google Play,Play Store -- District,01/05/2026,Himvanth Upadrasta,,"Okay so… I’ve been using this app for ticket booking recently, and honestly it’s pretty decent 👍 First thing — the UI is clean. Like not confusing at all. I didn’t have to sit and think “where to click now?” Everything is kinda straightforward, which I like. Booking process is smooth most of the time. Shows, events, tickets — all easy to browse. Payment also works fine, no big issues there (at least for me). But yeah, not everything is perfect. Sometimes it feels a bit slow that's it",5,District,https://play.google.com/store/apps/details?id=com.application.zomato.district,Positive,0.777,"Ease of Use & Digital Experience, Events & Venues","App/Website Navigation, Checkout & Payment Process, Ticketing & Booking"
daa979be-c537-4e50-b65b-dd96c933db30,Google Play,Play Store -- District,24/05/2026,Slyvester Diva,,"Movies Event is absolutely fantastic! This app has completely transformed how I discover and attend movie events in my area. The interface is intuitive and visually appealing, making it effortless to browse upcoming screenings, film festivals, and special movie nights. I love how easy it is to filter by genre, date, and location. The event details are comprehensive with showtimes, tickets, and venue information all in one place. Notifications keep me updated on new releases and events I'm intere",5,District,https://play.google.com/store/apps/details?id=com.application.zomato.district,Positive,0.954,"Ease of Use & Digital Experience, Events & Venues","App/Website Navigation, Location & City Availability, Ticketing & Booking, Venue Experience (Crowd/Seating)"
1faa7c61-10cc-48c7-b125-9bda5c4f9548,Google Play,Play Store -- District,19/05/2026,Vamsikrishna N,,"Horrible app. Tried to book IPL tickets. Was on the app even half hr before the booking started for the game. Clicked immediately once the Book tickets button got enabled, still was put on queue at 120000. No tickets. This happened for multiple games. If the app cannot handle multiple users, then shut down the app. Uninstalled the app. Waste of time, money, emotion.",1,District,https://play.google.com/store/apps/details?id=com.application.zomato.district,Negative,-0.818,Events & Venues,Ticketing & Booking
07c6c89f-ff3d-417e-98e7-4d9337211006,Google Play,Play Store -- District,22/05/2026,Vishal Dangiwala,,"worst app in terms of match ticket booking, after being in queue for hours, you get to the point of seat booking, and then you just puzzled by the ""seats in other's cart"", if the seats are already in other's cart then why are you allowing someone else to select that? worst algo.",1,District,https://play.google.com/store/apps/details?id=com.application.zomato.district,Negative,-0.893,Events & Venues,Ticketing & Booking
608f4572-2601-435f-9364-a504ed24bf66,Google Play,Play Store -- District,26/04/2026,Vaibhav Logar,,"When I booked the table through the app, the table didn't get available as per the booking time. I'd to wait 15 minutes in the restaurant and when I said this to the customer agent 'named Dharmika', the agent replied there's no compensation for time and the issue has to be closed because it's not important. Not the experience as per the Zomato level.",1,District,https://play.google.com/store/apps/details?id=com.application.zomato.district,Negative,-0.42,Events & Venues,Ticketing & Booking
6b9a4f03-8b19-4270-9085-aecd6e2686ee,Google Play,Play Store -- District,30/04/2026,Darshan Sai,,I don't know what is wrong with this app when I am trying to login with my number it is showing different numbers which is not there in my contacts and when I searched in the Truecaller they don't have any name only 2 numbers have names. Very very disappointed how can another numbers can show when trying to login!...,1,District,https://play.google.com/store/apps/details?id=com.application.zomato.district,Negative,-0.776,Uncategorized/General Feedback,No Specific Issue Stated
fde4d015-991a-4c91-a8a3-1ca7949e76d9,Google Play,Play Store -- District,12/06/2026,Mariam Abaei,,Intrusive. You won't have access to your tickets for admission purposes except from inside the app...the very intrusive and annoying app. Buy from another platform if you have the choice,2,District,https://play.google.com/store/apps/details?id=com.application.zomato.district,Negative,-0.452,Uncategorized/General Feedback,No Specific Issue Stated
03c5d6f6-13dd-48a4-ae54-af266fa004f6,Google Play,Play Store -- District,26/04/2026,IT SPIDER,,"I spent 2 days and more than 2 hours trying to book tickets for the DC vs RC match on this app, and still got nothing. My queue number was around 8000–9000 on the very first attempt, yet no tickets were available by the time I got in. That’s extremely frustrating and honestly feels unfair. The whole process seems poorly managed, and it raises serious doubts about transparency. It really feels like tickets are being sold through back channels instead of fairly to genuine users. What’s the point",1,District,https://play.google.com/store/apps/details?id=com.application.zomato.district,Negative,-0.634,Uncategorized/General Feedback,No Specific Issue Stated
9d3b5081-22c1-4d86-ade3-fe440f2af653,Google Play,Play Store -- District,18/04/2026,Vipul Toliwal,,"Misleading and Fake : The so-called cashbacks must be claimed within 7 days or it expires, and valid only when bills are above ₹1,500. Too many hidden conditions for something advertised as a benefit. Other platforms give you a year time for availing cashback with no minimum order. Hated this",1,District,https://play.google.com/store/apps/details?id=com.application.zomato.district,Negative,-0.878,Uncategorized/General Feedback,No Specific Issue Stated
b2058fe4-4492-43d6-89c3-3506fd36c59a,Google Play,Play Store -- District,23/05/2026,Farha Ibrahim,,"Very disappointing experience with District. They show restaurants with exciting offers, but when we reached the restaurant, they denied accepting District payments completely. After wasting our time and money, customer support simply said refunds are “not in their policy” and offered another promo code instead. Why should customers suffer for their mistake? Losing a lot of money because of wrong listings and getting no proper support feels unfair and misleading.",1,District,https://play.google.com/store/apps/details?id=com.application.zomato.district,Negative,-0.984,"Customer Support & Resolution, Events & Venues, Value & Pricing","Agent Helpfulness, Entry & Management, Promotions & Loyalty"
ac2ed67f-26cd-456a-9011-5536212834f3,Google Play,Play Store -- District,31/05/2026,SAHIL SINHA,,The match tickets on it are highly manipulated . even if you click it on the very moment from multiple accounts you will always be shown in queue - 10000+ . this has been tested several times by me. considering this sought of cheating - I am uninstalling this app. i guess everyone in my circle has experienced this and uninstall this app. I just wish important tickets comes on BookMyShow not on it.,1,District,https://play.google.com/store/apps/details?id=com.application.zomato.district,Negative,-0.458,Uncategorized/General Feedback,No Specific Issue Stated
683a074f-bece-4b41-8a60-dd038eea2a9c,Google Play,Play Store -- District,28/05/2026,Rushit Patel,,"Worst ticketing app, bookmy show is 100 times better, I was trying gor IPL final tickets on same second when window opens, but my number in queue will be 63000 then they first gave rupay sale, then general sale & now additional tickets if rupay and general sale was full then how you came with additional tickets, pure manipulation in ticketing should ban district as a ticketing app",1,District,https://play.google.com/store/apps/details?id=com.application.zomato.district,Negative,-0.842,Uncategorized/General Feedback,No Specific Issue Stated
3dd7b33c-b3ef-49d3-b1b8-61b3541d447b,Google Play,Play Store -- District,24/05/2026,Gitanshu Dhawan,,"A day before, when I was booking ipl tickets the seat slots were completely full with no seats left. After checking multiple times, when punjab is out of tournament, now it's 20 to 30 percent availability for both of that stands, they are just looting people by making hype and increasing the prices of tickets. When we reach the stadium the people are already having passes for that stands for which we paid 3 times the worth the ticket.",1,District,https://play.google.com/store/apps/details?id=com.application.zomato.district,Negative,-0.119,Events & Venues,Ticketing & Booking
3f28afdd-5f60-4640-a064-07200a631d71,Google Play,Play Store -- District,05/05/2026,RAXIT SATAPARA,,"no matter which way I try, app closes immediately when I try to go dining section. it says app has bug and try to clear catch but still the same. can't access and pay for dining even after having gold membership.",1,District,https://play.google.com/store/apps/details?id=com.application.zomato.district,Negative,-0.075,Uncategorized/General Feedback,No Specific Issue Stated
41f207c5-ca41-49dc-abba-d6a72d820f73_ZOM,Google Play,Play Store -- District,11/05/2026,Reaha Sultana,,"Very disappointing experience with the Zomato District app. I recently booked 5 tickets for Tipu Summer Palace for my friends. After completing the entire booking process, I was unable to download the tickets or even take screenshots of them. I contacted the support team, but they were not helpful at all and couldn’t resolve the issue. It was frustrating and stressful, especially after making the payment successfully. The app s",1,District,https://play.google.com/store/apps/details?id=com.application.zomato.district,Negative,-0.449,"Ease of Use & Digital Experience, Events & Venues","Checkout & Payment Process, Ticketing & Booking"
0205db6d-a73e-47f9-b69e-df97459b4353,Google Play,Play Store -- District,11/04/2026,Harsh Kaushik,,very bad experience. it showed a coupon for 500 rs when Booking a movie but when I booked the move the coupon was actual condition was shown that I have Spent at least 1000 rs for my order then only I will get 500 off.,1,District,https://play.google.com/store/apps/details?id=com.application.zomato.district,Negative,-0.339,"Events & Venues, Value & Pricing","Promotions & Loyalty, Ticketing & Booking"
99986af0-5a7c-4478-aae5-299264def57f,Google Play,Play Store -- District,02/06/2026,Dhanik Shah,,"totally a waste of money. no arrangements from pick up tickets, to find a seat. totally ridiculous. I strongly request authorities that they should ban 🚫 this platform from these activities. also I will never ever try for a match tickets. it's over...",1,District,https://play.google.com/store/apps/details?id=com.application.zomato.district,Negative,-0.852,Uncategorized/General Feedback,No Specific Issue Stated
ace32376-52ae-4bdf-81b3-9a30b475cea5,Google Play,Play Store -- District,02/06/2026,Rohan Rai,,The app is good and has a new age vibe but has more animations than necessary. Sometimes some of the buttons don't work and stays blank. Fix some issues in UI and the app is good to go,3,District,https://play.google.com/store/apps/details?id=com.application.zomato.district,Positive,0.7,"Ease of Use & Digital Experience, Events & Venues","App/Website Navigation, Venue Experience (Crowd/Seating)"
d1be36c5-0132-46b5-aa17-e65dfd725da8,Google Play,Play Store -- District,03/06/2026,Varun Acharya,,"29/3/26 started using it loved the overall discount, booking and how easy user interface 3/6/26 still using it sometimes and I've love the process and easy method of interface",5,District,https://play.google.com/store/apps/details?id=com.application.zomato.district,Positive,0.929,"Ease of Use & Digital Experience, Events & Venues, Value & Pricing","App/Website Navigation, Promotions & Loyalty, Ticketing & Booking"
4926f6be-975c-4aad-ac66-76d35ba9f4a0,Google Play,Play Store -- District,13/06/2026,Deepankar Patil,,Do not use this app to book sports venues. The venue informed me that my booking was not available despite me having paid for it on District. The customer support at District did not give any response or cancellation or refund.,1,District,https://play.google.com/store/apps/details?id=com.application.zomato.district,Negative,0.402,"Customer Support & Resolution, Events & Venues","Agent Helpfulness, Refund & Policy Disputes, Ticketing & Booking, Venue Experience (Crowd/Seating)"
6ceabe27-2084-4108-abd6-770416bc471f,Google Play,Play Store -- District,14/06/2026,Rishi Ganguly,,Fun to use app but I can't see why I have to have multiple apps from Zomato companies for my needs. Swiggy's experience and convenience is better. Design and UX does not necessarily trump convenience and reduces bloat in my device.,5,District,https://play.google.com/store/apps/details?id=com.application.zomato.district,Positive,0.718,Value & Pricing,Competitor Comparisons
b523f0e6-3a27-4d7c-9f7a-ca850c25c44d,Google Play,Play Store -- District,21/06/2026,vivek ram,,"smooth booking experience and good offer tieups. But, I feel platform fee is higher than others.",4,District,https://play.google.com/store/apps/details?id=com.application.zomato.district,Positive,0.238,"Events & Venues, Value & Pricing","Fees & Surcharges, Promotions & Loyalty, Ticketing & Booking"
d09a65c4-0787-44ee-8b49-8a2f7d862cea,Google Play,Play Store -- District,04/06/2026,chinmay,,"hello, this is my favourite app for everything i have wanted accumulated in one events dine-in, movies, places to explore the UI is so cool i am absolutely in love.",5,District,https://play.google.com/store/apps/details?id=com.application.zomato.district,Positive,0.806,Ease of Use & Digital Experience,App/Website Navigation
8fbc10fa-a760-411e-b6ff-a2c3ba5674e6,Google Play,Play Store -- District,20/06/2026,Vikas Singh Singraur,,"there is limit to loot people, you guys are at the top! Just like zomato you guys started to loot from lowest of the method possible SHAME! for 780 rs ticket Booking charge 78 and offer handling charge 25 that makes offer NOT A OFFER! have some shame please, pathetic!",1,District,https://play.google.com/store/apps/details?id=com.application.zomato.district,Negative,-0.891,"Events & Venues, Value & Pricing","Promotions & Loyalty, Ticketing & Booking"
2d01173d-08df-497a-94d3-fd4a9ed789f7,Google Play,Play Store -- District,20/06/2026,geo xavier,,Made a booking for buffet via district. the slot shown in app was 10.45. walked into restaurant at 10.40. got seated. had welcome drinks and starters then we came to know that the counter is closing at 11pm. if buffet closes at 11pmwhy was a slot provided at 10.45pm. we had to pay approx 2400 for 15-20 mins. the district support team gave rs 100 as refund. do you think we are beggars? luckily the hotel was generous to accomodate us. but district customer support still thinks they are 2k buffet.,1,District,https://play.google.com/store/apps/details?id=com.application.zomato.district,Negative,0.859,"Customer Support & Resolution, Events & Venues","Agent Helpfulness, Refund & Policy Disputes, Ticketing & Booking"
96198a20-be1f-492a-b1d0-a7c7bb384a8a,Google Play,Play Store -- District,29/05/2026,Shivam Singh parihar,,"This application is completely fixed, it first sends all the IPL tickets to its people, then when does it come in black, it is a useless app, no matter how many times I have tried to book tickets through it, every time I remember that I will face server problem.",1,District,https://play.google.com/store/apps/details?id=com.application.zomato.district,Negative,-0.678,Uncategorized/General Feedback,No Specific Issue Stated
1017e6f1-0d06-4563-a59d-00f649af2880,Google Play,Play Store -- District,14/06/2026,SaSh सुंदरम्,,"booked a ticket via web,downloaded app since you committed that ticket is available only in App. Even after entering mob nu and email addrs in app ticket is not showing. Even booking made on 2Jun for 21Jun event is not shown. unethical model to engage cust. will uninstall the app. if i cant see the booked tkt by end of day, will put this cheating scam on SM.",1,District,https://play.google.com/store/apps/details?id=com.application.zomato.district,Negative,-0.468,Events & Venues,Ticketing & Booking
5784ede0-1d65-4068-945d-74168ed8e5fb,Google Play,Play Store -- District,09/06/2026,Navya saketi,,worst experience....got a dining coupon went to restuarant and restaurant didn't accept the payment on this app ... immediately informed district team no response on time,1,District,https://play.google.com/store/apps/details?id=com.application.zomato.district,Negative,-0.835,"Customer Support & Resolution, Ease of Use & Digital Experience, Product & Service Quality, Value & Pricing","Agent Helpfulness, Checkout & Payment Process, Promotions & Loyalty, Restaurant Acceptance Issues"
a2587e4c-ea80-4045-9e86-6c335810c0b5,Google Play,Play Store -- District,09/06/2026,NILADRI DUTTA,,I am using this app from few days for booking and it's amazing with great deals and amazing discounts.,5,District,https://play.google.com/store/apps/details?id=com.application.zomato.district,Positive,0.92,Events & Venues,Ticketing & Booking
d44c402c-7f5f-4752-bb87-7b882d157cdd,Google Play,Play Store -- District,01/06/2026,Shaurya Pratap Singh,,"Worst App, if you book something from district they are not liable rhey won't provide you with refund. mentally harassing people on call. Suggestion don't use the app.",1,District,https://play.google.com/store/apps/details?id=com.application.zomato.district,Negative,-0.84,Customer Support & Resolution,Refund & Policy Disputes
9d21e36f-3ae5-4a4f-91f7-908731749cd2,Google Play,Play Store -- District,29/05/2026,Vignesh Raja,,"App experience is great but sometimes dining booking, some restaurants do not accept payment via district. Rest all works smoothly.",5,District,https://play.google.com/store/apps/details?id=com.application.zomato.district,Negative,-0.058,"Ease of Use & Digital Experience, Events & Venues","Checkout & Payment Process, Ticketing & Booking"
8f3f1bae-211c-494d-a3f1-fcf58c2c076d,Google Play,Play Store -- District,13/04/2026,Shivkant Yadav,,"Been a timesprime member since 5 years now. This time i wouldnt renew it. It has become a complete mess.I havent been able to use any worthwhile offer from this.Even some offers like movie tickets etc were also like flash sale. Like till stock lasts.Are u serious?We are paying you for peace,premium. And you are making it a rat race ad junk campaign.To be honest.One can literally save more money and own what it really needs directly than be a timesprime member & hope for any worth while offer.",1,District,https://play.google.com/store/apps/details?id=com.application.zomato.district,Negative,0.942,Value & Pricing,Promotions & Loyalty
568f62c5-4394-43f2-b13a-1a807ec5a186,Google Play,Play Store -- District,24/05/2026,Snehal Chikane,,worsttttest app everr!! never ever use it . it's just waste of time and money . i paid for food and didn't even get it . Customer care just seemed to understand my problem but did not help a little. I'm deleting this worst app and never ever downloading it again,1,District,https://play.google.com/store/apps/details?id=com.application.zomato.district,Negative,-0.928,"Customer Support & Resolution, Ease of Use & Digital Experience","Agent Helpfulness, App/Website Navigation"
ebc720cb-b012-4839-8a30-f6d86e7d0807,Google Play,Play Store -- District,22/05/2026,Krishna Jashvanth,,"I bought tickets for an IPL match and my tickets got scammed, when I called and asked them to get my tickets back to me as I am the buyer who bought them and they should be able to transfer them back to me. But nothing happened, asked me to wait, wait, wait and wait and in the mean time the match started and the culprit was entering the stadium with my tickets and watching the match. Never buy any tickets or stuff from this app. worst app ever",1,District,https://play.google.com/store/apps/details?id=com.application.zomato.district,Negative,-0.805,Uncategorized/General Feedback,No Specific Issue Stated
df697c9e-5a29-4734-ad09-9031347b10e9,Google Play,Play Store -- District,16/04/2026,Arijit Dey,,"There is no option for 0 stars otherwise I would have provided 0 stars. There promises and terms like 25% off, 20% off on dining all these are for showing off and in real restaurants do not accept payment with this offers and asks for full bill and their customer care executives also don't provide any solutions regarding the same.",1,District,https://play.google.com/store/apps/details?id=com.application.zomato.district,Negative,0.526,"Customer Support & Resolution, Ease of Use & Digital Experience","Agent Helpfulness, Checkout & Payment Process"
5163ed43-47ac-45de-bd29-9ea418727ac6,Google Play,Play Store -- District,03/05/2026,Tejas Parab,,"The app is very Glitchy and does not have A Cancel button if we want to remove any tickets and cancel the booking before any payment. Please look forward to the bugs in the app, otherwise it's an Awesome app and has many discounts",3,District,https://play.google.com/store/apps/details?id=com.application.zomato.district,Positive,0.754,"Ease of Use & Digital Experience, Events & Venues","Checkout & Payment Process, Ticketing & Booking"
f782402b-98e0-4534-9ad0-90a13685f21c,Google Play,Play Store -- District,03/05/2026,SRUTHI M VIJAYAN,,"WORST EXPERIENCE EVER. I booked a movie through district and I booked food through the app during the first half of the movie. and when we went to get the food, it was not even prepared. the theatre staff didn't even know about our booking. then we made them understand and how we booked and then they started preparing the order. We waited a 15 minutes just before interval, we missed a huge reveal. then we tried talking to customer support. they just apologized. NEVER BOOK FOOD IN DISTRICT.",5,District,https://play.google.com/store/apps/details?id=com.application.zomato.district,Negative,-0.421,"Customer Support & Resolution, Events & Venues","Agent Helpfulness, Ticketing & Booking"
85fe5b0f-2e0c-4e78-831e-59fa8d59bcc2,Google Play,Play Store -- District,31/05/2026,Salil kumar,,Everything about this app is amazing. Love the way they've curated the UX across the platform. Feels like it's only going to get better and better.,5,District,https://play.google.com/store/apps/details?id=com.application.zomato.district,Positive,0.946,Uncategorized/General Feedback,No Specific Issue Stated
0f78ccb7-c9d1-483c-9d86-aaacadd7c75f,Google Play,Play Store -- District,18/05/2026,Divya jain,,"They post false events and falsely claim that the Event did take place. Then don't refund money. waste of time, energy and money. Think 100 times before booking through this app.",1,District,https://play.google.com/store/apps/details?id=com.application.zomato.district,Negative,0.532,"Customer Support & Resolution, Events & Venues","Refund & Policy Disputes, Ticketing & Booking"
4acd2725-5f59-4432-ad94-0aa5474d407c,Google Play,Play Store -- District,28/03/2026,Edwin Chirayath,,"Scammers! Twice I got scammed. When I booked dining I got offers. But at the time of payment, offers were missing. When I booked movie ticket they gave snack and payment vouchers in separate sections. But they did not mention only one can be applied. At checkout they removed one voucher. And when I contacted support the support person's chat was not coming through, so she called me. During the call when she could not find a solution, she cut the call and left me hanging.",1,District,https://play.google.com/store/apps/details?id=com.application.zomato.district,Negative,-0.315,"Customer Support & Resolution, Ease of Use & Digital Experience, Events & Venues","Agent Helpfulness, App/Website Navigation, Checkout & Payment Process, Ticketing & Booking"
4590b08a-3d7c-4d52-892b-d93e152761e5,Google Play,Play Store -- District,14/05/2026,Jatin Arora,,"Overpriced and Poorly Managed ​Rating: ⭐☆☆☆☆ ​A total disappointment. The tickets were overpriced, the app location was incorrect, and the venue management was chaotic. ​Extortionate Costs: High parking fees with zero security and vastly overpriced food/water (outside items were banned). ​Logistics: The app provided the wrong location and crashed when I tried to leave a negative review. ​Experience: It felt like a profit-driven scheme with no regard for basic facilities or audience comfort.",1,District,https://play.google.com/store/apps/details?id=com.application.zomato.district,Negative,-0.912,"Ease of Use & Digital Experience, Events & Venues, Value & Pricing","Entry & Management, Location & City Availability, Price & Affordability, Venue Experience (Crowd/Seating)"
bc881283-ff8d-4d08-b26d-1c5680410c92,Google Play,Play Store -- District,22/04/2026,Ankush Mulgir,,scam alert!! don't get excited looking at offer's. you need to pay huge convenience fee for useless and cheap service. never believe on this app. they don't show the convenience fee while booking the table. for 2k bill had i paid 265 rupees convenience fee. save your money,1,District,https://play.google.com/store/apps/details?id=com.application.zomato.district,Negative,-0.48,"Events & Venues, Value & Pricing","Promotions & Loyalty, Ticketing & Booking"
29de04e2-f6d2-48a0-86a7-a6933d6c8815,Google Play,Play Store -- District,08/02/2026,SIDDHESH PATIL,,"I’m really disappointed with the hidden costs associated with the District Pass. I purchased the pass expecting a genuine stackable discount, but the math doesn't add up. While the restaurant offers a flat 50% discount, the District Pass is supposed to provide an additional 5%. However, I was charged a ₹500 ""processing fee"" on my payment. This fee effectively wiped out the entire extra discount I was promised, and in some cases, makes the final bill higher than if I hadn't used the pass at all.",1,District,https://play.google.com/store/apps/details?id=com.application.zomato.district,Negative,0.572,"Ease of Use & Digital Experience, Value & Pricing","Checkout & Payment Process, District Pass & Subscriptions, Promotions & Loyalty"
16a18bae-cd1d-4e56-8753-ddb5a86ee9b5,Google Play,Play Store -- District,14/04/2026,sai krishna,,"most worst app friends if u wanna book IPL tickets stay away from this app it lets you wait for hours and then at last when it ur que it simply says tickets are sold out. I have not experienced it just once,I am posting this review after trying for 5 or 6 times(matches) they just block the tickets and sold them in black market.",1,District,https://play.google.com/store/apps/details?id=com.application.zomato.district,Negative,-0.652,Events & Venues,Ticketing & Booking
a1b1acfb-f8c5-443f-a6e0-9277c537db81,Google Play,Play Store -- District,23/05/2026,Amritha SR,,"App shows invalid offers and cashback. When complaint is raised, the customer service shamelessly lie about clauses not mentioned ANYWHERE in the app or offer. Massive scam, encouraging everyone reading this to never use this app. Don't support these scammers, would've raised in court if I was jobless enough",1,District,https://play.google.com/store/apps/details?id=com.application.zomato.district,Negative,-0.755,"Customer Support & Resolution, Value & Pricing","Agent Helpfulness, Promotions & Loyalty"
27c2b6ba-4134-409e-bdbd-a298d0c33dac,Google Play,Play Store -- District,25/04/2026,Vikas S,,"The ui is fluid, gives many offers ,the experience is good but please show what screen number we are booking in the booking page it is too difficult now apart from this the app is good. I also love how it combines dining , entertainment, concert and many other services in a single app.",5,District,https://play.google.com/store/apps/details?id=com.application.zomato.district,Positive,0.945,"Ease of Use & Digital Experience, Events & Venues","App/Website Navigation, Ticketing & Booking"
e8301fe4-92da-4bf0-bf92-c1aeab4eb14b,Google Play,Play Store -- District,31/05/2026,HARI HARAN,,"user friendly ui for quick and effortless booking as well as refund process, one of the easy ways to enjoy our weekend with movies. would recommend to others if they don't use it ..",5,District,https://play.google.com/store/apps/details?id=com.application.zomato.district,Positive,0.942,"Customer Support & Resolution, Ease of Use & Digital Experience, Events & Venues","App/Website Navigation, Refund & Policy Disputes, Ticketing & Booking"
ce48125a-d80f-40d5-88bb-587d70a9ae01,Google Play,Play Store -- District,26/05/2026,Shiva Raghava,,"I booked a ticket for the movie 'Karuppu' at Palladam Arunodhayam theatre. I also booked snacks along with it and paid the money. There has been no response from the Arunodhayam theatre side. The snacks have not arrived till now. It is taking up all the time. Please, no one use this app.",1,District,https://play.google.com/store/apps/details?id=com.application.zomato.district,Negative,-0.273,"Customer Support & Resolution, Events & Venues","Agent Helpfulness, Ticketing & Booking"
3ff6e15b-3115-48a2-8da8-c2f9c07a7066,Google Play,Play Store -- District,27/05/2026,Prakash Sarraff,,"Beware of this scamming app. If they cashback, it is only for 7 days and you have to spend a certain amount to avail it. Both are unfair and wrong practice and they are making fool of ppl.",1,District,https://play.google.com/store/apps/details?id=com.application.zomato.district,Negative,-0.791,Uncategorized/General Feedback,No Specific Issue Stated
4bb6341e-f1b0-42f4-85e8-41577f952d46,Google Play,Play Store -- District,07/06/2026,Shubham Mangla,,"This application is very versatile, premium budget to budget friendly, every great cafe, restaurant is listed here with appropriate discount purposal plus facility for table booking.. Awesome App great work guys 👍",5,District,https://play.google.com/store/apps/details?id=com.application.zomato.district,Positive,0.948,"Events & Venues, Value & Pricing","Promotions & Loyalty, Ticketing & Booking"
013cf0f2-76cf-4c6a-9333-1078bf2dfd93,Google Play,Play Store -- District,11/04/2026,Ayush Ramgirwar,,I recently booked a ticket for hail Marry and the show was cancelled by the theatre and I haven't received any kind of info about that when I raised this issue with their team they continuously said we are working on it and haven't received any kind of satisfactory answer from them ... how can someone have such an incompetent team that they cannot solve an issue within the whole day... pathetic service...that's why bookmyshow is better than this trash,1,District,https://play.google.com/store/apps/details?id=com.application.zomato.district,Negative,-0.699,Events & Venues,Ticketing & Booking
5e95c59b-189c-49ea-ad57-148c6187385e,Google Play,Play Store -- District,11/04/2026,Nibin Baby,,"the only app which gives ticket discount of Rs 50 in the name of 500/-, by adding convenience fee, tax on convenience, no inconvenience, tax on no inconvenience, ticket fee, payment fee, existence fee, poor service fee, and any other fees One can think of and tax thereon.",5,District,https://play.google.com/store/apps/details?id=com.application.zomato.district,Positive,0.031,"Ease of Use & Digital Experience, Events & Venues, Value & Pricing","Checkout & Payment Process, Fees & Surcharges, Promotions & Loyalty, Ticketing & Booking"
b92aefae-b49b-4531-909f-98ee73d4ff2e,Google Play,Play Store -- District,12/04/2026,arun j,,"Awesome and seamless booking experience. The conveyance charge is comparatively nominal.Lot of bank offers as well. I regularly use this app for dining, movies booking",5,District,https://play.google.com/store/apps/details?id=com.application.zomato.district,Positive,0.735,Events & Venues,Ticketing & Booking
81348ff1-161a-47d1-b0ba-921fd3dd5f17,Google Play,Play Store -- District,25/04/2026,Deekshith N Gowda,,"Discounts are good and definitely attractive, but the platform needs to ensure proper ratings and quality checks for listed venues. The place we visited was quite disappointing — the overall experience was below expectations. Better filtering based on ratings and recent reviews would really help users avoid such venues.",4,District,https://play.google.com/store/apps/details?id=com.application.zomato.district,Positive,0.794,Uncategorized/General Feedback,No Specific Issue Stated
35de1139-1c3a-4cdb-8d77-fbe27bfaf2bc,Google Play,Play Store -- District,18/04/2026,KAPIL GUPTA,,very poor experience they show the wrong distance initially while booking the movie and then distance changes later on and there is no option to cancel the ticket.,1,District,https://play.google.com/store/apps/details?id=com.application.zomato.district,Negative,-0.866,"Ease of Use & Digital Experience, Events & Venues","App/Website Navigation, Ticketing & Booking"
4c6c80ff-27ce-4d7d-bc36-3a381f0c3172,Google Play,Play Store -- District,02/05/2026,S P,,don't use this app ...option u can see cancel the ticket is fraudulently used to lure customers. u cannot cancel the ticket. I was a regular user but now I stopped using this app forever and whatever the other apps owners have.,1,District,https://play.google.com/store/apps/details?id=com.application.zomato.district,Negative,-0.357,Events & Venues,Ticketing & Booking
30b66372-522a-42d6-8a03-1a4b0228fe97,Google Play,Play Store -- District,06/04/2026,Pradeep Kumar,,"District gives a nice qr scanner to pay at outlets. But they have one scanner for different outlets . if I miss to select. money gone. I scan at mg road chai point, the default selection is church street, how do someone know ??? payment done. money gone. nice !",1,District,https://play.google.com/store/apps/details?id=com.application.zomato.district,Negative,0.652,Ease of Use & Digital Experience,Checkout & Payment Process
68ca800c-4f15-4b94-b572-6a00f0e83c93,Google Play,Play Store -- District,25/04/2026,AYON BHOWMIK,,worst app ever with false information. no updates regarding dining restaurant is available. coupon can't be redeemed. and restaurants don't accept payment through district,1,District,https://play.google.com/store/apps/details?id=com.application.zomato.district,Negative,-0.87,"Ease of Use & Digital Experience, Value & Pricing","Checkout & Payment Process, Promotions & Loyalty"
ae6c1f14-f2cf-4369-81ff-1124b855cc76,Google Play,Play Store -- District,24/04/2026,OMM PRAKASH,,don't install this app the worst app ever i have installed in 2026 . I was trying to book movie tickets through this app but everytime got cancelled but money from my account has been debited. It's been 2 Days my money has not been refunded,1,District,https://play.google.com/store/apps/details?id=com.application.zomato.district,Negative,-0.643,Uncategorized/General Feedback,No Specific Issue Stated
c3b3d52e-e690-4eff-a21b-d5dba870218d,Google Play,Play Store -- District,06/04/2026,manu mathew,,"very bad app if I book a film through app more than 25 rupees for offer handling fee..... it's cheat .... not acceptable...booking fee and other charges extra, it's ok but offer handling... book my show leading app have only rs10",1,District,https://play.google.com/store/apps/details?id=com.application.zomato.district,Negative,-0.518,"Events & Venues, Value & Pricing","Competitor Comparisons, Fees & Surcharges, Promotions & Loyalty, Ticketing & Booking"
2a1f33a3-0d6d-4bc6-bfa4-982c48b0a6db,Google Play,Play Store -- District,09/04/2026,Oswin Brown,,"fraud app scam they will loot you, please understand this their bots will auto fill the seat and after saying it's full they will then open it again with a higher price. This is discrimination at the highest level. People please support and give one star rating!",1,District,https://play.google.com/store/apps/details?id=com.application.zomato.district,Negative,-0.457,Uncategorized/General Feedback,No Specific Issue Stated
2dcb2cdc-ea0d-4b74-8dd9-eb9c626a689b,Google Play,Play Store -- District,16/04/2026,Biswayan Nandi,,"Every time I open the app, I need to change the location to my desired place. Please make it consistent like what I choose will be chosen unless I am changing it again.",4,District,https://play.google.com/store/apps/details?id=com.application.zomato.district,Positive,0.71,Ease of Use & Digital Experience,"App/Website Navigation, Location & City Availability"
24d8a1f3-25e7-4131-8479-8ac591e4cd28,Google Play,Play Store -- District,17/04/2026,Aditya Nirala,,"I was booking ticket for a ipl match , but they are demanding hsbc credit card , almost all ticket will be sold out , when we will get normal booking via upi. because everyone doesn't have HSBC credit card.",2,District,https://play.google.com/store/apps/details?id=com.application.zomato.district,Negative,-0.184,"Ease of Use & Digital Experience, Events & Venues","Checkout & Payment Process, Ticketing & Booking"
bfffc659-6b79-447f-9d60-9ecd2710497e,Google Play,Play Store -- District,23/04/2026,Gaming with Manish007,,"Overall, a smooth and helpful experience. Definitely recommended for anyone looking to explore events and entertainment easily!",5,District,https://play.google.com/store/apps/details?id=com.application.zomato.district,Positive,0.895,Uncategorized/General Feedback,No Specific Issue Stated
78ce09c9-5fbf-46bc-9b6c-fab46e629d99,Google Play,Play Store -- District,19/04/2026,Anne,,Easy to book courts for play but no option to reschedule or cancel. Takes 1 hour on customer support chat to cancel a court booking. Takes more than 3 days to get refunds for cancelled courts. Not user-friendly and favours businesses over individuals.,2,District,https://play.google.com/store/apps/details?id=com.application.zomato.district,Negative,-0.727,"Customer Support & Resolution, Events & Venues","Agent Helpfulness, Ticketing & Booking"
f2594b87-c132-452b-8537-979e20487226,Google Play,Play Store -- District,09/04/2026,Kootikanti Dileep,,"Offers was super, but only drawback was limited Theaters compared to Bookmyshow. So please add Extra Theaters in the App.",5,District,https://play.google.com/store/apps/details?id=com.application.zomato.district,Positive,0.623,Uncategorized/General Feedback,No Specific Issue Stated
2b9bdecc-e3c3-4a73-9cbd-adc68fe53ae6,Google Play,Play Store -- District,15/05/2026,Shrey Govekar,,worst app for high demand event booking. they can't handle it. you will be just kept in queue and when u get chance they'll show all tickets sold. worst platform.,1,District,https://play.google.com/store/apps/details?id=com.application.zomato.district,Negative,-0.859,Events & Venues,Ticketing & Booking
e22ca414-2100-4cf9-99ef-022d8c440bb8,Google Play,Play Store -- District,23/05/2026,ashwin,,"movie prices higher than bms. they have this chindi habit which they carried over from zomato of charging 10-20 extra. they will show you a price and when you go ahead they see theatre has increased the prices like it's an airline. but that increase happens only on district, not on bookmyshow",1,District,https://play.google.com/store/apps/details?id=com.application.zomato.district,Negative,0.643,Value & Pricing,Competitor Comparisons
5c73f89f-67a1-4ee0-aefc-b52776888bb8,Google Play,Play Store -- District,06/05/2026,Jitendra Kaushal,,"On the name of Cashback giving credits with deadline of just 10-12 days for particular purpose only is not good. Cashback should be credited. Worst app, never suggest to download this app.",1,District,https://play.google.com/store/apps/details?id=com.application.zomato.district,Negative,-0.13,Uncategorized/General Feedback,No Specific Issue Stated
4c525803-6152-4e3e-b158-d2f708ad6d8b,Google Play,Play Store -- District,07/05/2026,Ashis Kar,,stupid app. before paying any restaurant bill why it doesnt ask to apply additional offer like Eazydiner. or auto applies the best offer? many times the first time user wont know the new coupons and you end up paying more. Eazydiner 100 times better.,1,District,https://play.google.com/store/apps/details?id=com.application.zomato.district,Negative,0.758,Value & Pricing,Promotions & Loyalty
ae49f590-6e59-4b36-97a2-1c59eb2e3318,Google Play,Play Store -- District,17/04/2026,morla vinay,,"don't use this app due to two reasons 1. restuarant shows false offers info in content ... if you booked will be fool 2. if payment failed while doing twice you will not get refunded again , it deduction happened from your bank sucessful then failed at district then you won't refund",1,District,https://play.google.com/store/apps/details?id=com.application.zomato.district,Negative,-0.859,"Customer Support & Resolution, Ease of Use & Digital Experience","Checkout & Payment Process, Refund & Policy Disputes"
d670c582-524f-4ed9-9cd1-cf7048d4faa4,Google Play,Play Store -- District,14/05/2026,Tapas Dey,,I have been using this App primarily to book table for Dining in purpose. It shows very good combinations of venue and pricing and it running offers which helps us to zero in the venue in terms of ratings etc. Very informative app.,4,District,https://play.google.com/store/apps/details?id=com.application.zomato.district,Positive,0.7,Events & Venues,Venue Experience (Crowd/Seating)
c96b62e0-c96a-4992-b86c-eb72f1c47b6e,Google Play,Play Store -- District,16/05/2026,Arpana Upadhyay,,the app over all is really good but I accidentally made payment to another branch of the same restaurant they said they will refund the money but their assistance and help is really bad and now it's actually showing they have refunded,1,District,https://play.google.com/store/apps/details?id=com.application.zomato.district,Negative,-0.564,"Customer Support & Resolution, Ease of Use & Digital Experience","Checkout & Payment Process, Refund & Policy Disputes"
3a9edb8b-4136-4b39-ad8a-d8b852d22a09,Google Play,Play Store -- District,19/05/2026,Nithyalakshmi V,,"Did my payment using this app, payment deducted but it's not successful at store level amount deducted multiple times worst app,waste of time and money not refunded yet...",1,District,https://play.google.com/store/apps/details?id=com.application.zomato.district,Negative,-0.907,"Customer Support & Resolution, Ease of Use & Digital Experience","Checkout & Payment Process, Refund & Policy Disputes"
8b29e371-27b0-46f2-9f91-aece51046078,Google Play,Play Store -- District,21/05/2026,Christopher Gaming YT,,one of the worst apps ever used. It showed that ipl tickets will be opened and I checked frequently and when the time came the tickets were not opened. It showed sold out.,1,District,https://play.google.com/store/apps/details?id=com.application.zomato.district,Negative,-0.67,Events & Venues,Ticketing & Booking
2dce1506-0d30-493e-b4da-804df6d10441,Google Play,Play Store -- District,10/05/2026,SIDDHARTHA MODI,,"Super duper app in terms of convenience, booking, payment ease and promotional offers, discounts... Great. Keep it up 👍",5,District,https://play.google.com/store/apps/details?id=com.application.zomato.district,Positive,0.888,"Ease of Use & Digital Experience, Events & Venues","Checkout & Payment Process, Ticketing & Booking"
07a79216-7153-4042-ba1c-14b6d5cd23b6,Google Play,Play Store -- District,20/05/2026,Richard S,,"first time used this app to book movie tickets and food with that. food was never delivered..when I complained about it, their customer care person has the audacity to call me a liar. petty thieves going after easy money. I have learned the lesson.",1,District,https://play.google.com/store/apps/details?id=com.application.zomato.district,Negative,-0.011,Customer Support & Resolution,Agent Helpfulness
5532dbfe-6488-454e-ae18-6924c25e2a69,Google Play,Play Store -- District,15/04/2026,ashok kumar,,"While ticket booking additional future of booking snacks can't be offered while payment, after removing snacks that means without snacks, movie tickets can be booked",4,District,https://play.google.com/store/apps/details?id=com.application.zomato.district,Positive,0.0,"Ease of Use & Digital Experience, Events & Venues","Checkout & Payment Process, Ticketing & Booking"
eee29288-8d01-489b-90d7-d80774049743,Google Play,Play Store -- District,26/04/2026,Prathamesh Pandit,,"Very convenient app for exploring restaurants, events, and things to do. Everything is organized well, and the booking process is quick and hassle-free.",5,District,https://play.google.com/store/apps/details?id=com.application.zomato.district,Positive,0.625,Events & Venues,Ticketing & Booking
4b77c216-c3c4-402c-a438-42ff20f85a88,Google Play,Play Store -- District,24/05/2026,Arpit Chavan,,"Total GenZ & future generation app, if you are not a genZ don't use it- you'll get scared of the app design, offers the provide and how user friendly the overall app is.",5,District,https://play.google.com/store/apps/details?id=com.application.zomato.district,Positive,0.077,Uncategorized/General Feedback,No Specific Issue Stated
b2c70dc7-4fc3-4479-a154-d8bd9ac57a01,Google Play,Play Store -- District,01/05/2026,PRABA Sai,,fraud app for the ipl ticket booking. Just cheat us for the booking. don't waste your time to try this app. Totally waste and worst app. fraud app. There are no seats available. but they are allowed to go to the booking page. after they said booking closed. why doing this cheats?,1,District,https://play.google.com/store/apps/details?id=com.application.zomato.district,Negative,-0.935,Events & Venues,Ticketing & Booking
e411d479-a5bd-43be-a5e4-01fe045bb711,Google Play,Play Store -- District,16/04/2026,Sathya Narayan,,reduce the pass charges for Chennai.. 999 is too high for a ticket that doesn't cost more than 250.. too much videos playing.. improve the functionality,1,District,https://play.google.com/store/apps/details?id=com.application.zomato.district,Negative,0.382,Events & Venues,Ticketing & Booking
08db66a7-8af2-430f-89f6-af224ee2dda3,Google Play,Play Store -- District,27/04/2026,praveen kumar,,"worst app for ipl tickets booking. even after waiting for one hour then only shows available tickets after that also showing ""Holds Tight"" for every seat booking.",1,District,https://play.google.com/store/apps/details?id=com.application.zomato.district,Negative,-0.67,Events & Venues,Ticketing & Booking
ec70c299-2ee2-4252-b2c5-7d566e5aefa6,Google Play,Play Store -- District,28/04/2026,Rajapandian Thandavan,,app is not good .tried to book ipl tickets and it asked to wait . after the wait over still couldn't book the tickets .. wasted lot of time.. very bad experience with this app,1,District,https://play.google.com/store/apps/details?id=com.application.zomato.district,Negative,-0.856,Uncategorized/General Feedback,No Specific Issue Stated
8fa49855-b432-4f4d-96ed-d8409ed8cde8,Google Play,Play Store -- District,20/05/2026,Hemalatha V,,using this app did my payment on 15th may but it showed like success but store said it's not successful then how this app showing payment successfully and deducted...using this app making customer fool and waste of time and money,1,District,https://play.google.com/store/apps/details?id=com.application.zomato.district,Negative,0.236,"Customer Support & Resolution, Ease of Use & Digital Experience","Checkout & Payment Process, Refund & Policy Disputes"
61b94682-d625-4903-8988-edd40fb5acfb,Google Play,Play Store -- District,14/05/2026,Soniya Pritam,,"My amount of Rs. 455 deducted and restuarant denied the booking and refund also not received. Tired of writing emails even to grievance team. nobody has bothered to respond me. Such a worst and pathetic app. I would not recommend this to anyone. On the other hand, Restaurant is extraordinary especially some person called Sulochana .. extremely rude and not helpful.",1,District,https://play.google.com/store/apps/details?id=com.application.zomato.district,Negative,-0.963,"Customer Support & Resolution, Events & Venues","Entry & Management, Refund & Policy Disputes, Ticketing & Booking"
7ec35c42-dcd8-48ea-a28e-eea95659e24b,Google Play,Play Store -- District,19/04/2026,PRASAHANTH R,,Guys Please do not book any movie tickets in case your booking in advance there is no cancellation or modification of movie tickets via this app.,1,District,https://play.google.com/store/apps/details?id=com.application.zomato.district,Negative,0.026,Events & Venues,Ticketing & Booking
